second,Volt
-14.660000E-03,
-14.651600E-03,
-14.643200E-03,-2.010050297E+00
-14.634800E-03,-2.010050297E+00
-14.626400E-03,-2.010050297E+00
-14.618000E-03,-2.010050297E+00
-14.609600E-03,-4.020100594E+00
-14.601200E-03,-4.020100594E+00
-14.592800E-03,-4.020100594E+00
-14.584400E-03,-4.020100594E+00
-14.576000E-03,-4.020100594E+00
-14.567600E-03,-4.020100594E+00
-14.559200E-03,-4.396985024E+00
-14.550800E-03,-4.020100594E+00
-14.542400E-03,-4.020100594E+00
-14.534000E-03,-4.020100594E+00
-14.525600E-03,-6.030150890E+00
-14.517200E-03,-5.527638316E+00
-14.508800E-03,-4.020100594E+00
-14.500400E-03,-4.020100594E+00
-14.492000E-03,-4.020100594E+00
-14.483600E-03,-4.020100594E+00
-14.475200E-03,-6.030150890E+00
-14.466800E-03,-4.396985024E+00
-14.458400E-03,-6.030150890E+00
-14.450000E-03,-4.020100594E+00
-14.441600E-03,-4.020100594E+00
-14.433200E-03,-4.020100594E+00
-14.424800E-03,-4.020100594E+00
-14.416400E-03,-4.020100594E+00
-14.408000E-03,-4.020100594E+00
-14.399600E-03,-4.020100594E+00
-14.391200E-03,-5.527638316E+00
-14.382800E-03,-4.020100594E+00
-14.374400E-03,-4.020100594E+00
-14.366000E-03,-4.020100594E+00
-14.357600E-03,-4.396985024E+00
-14.349200E-03,-4.020100594E+00
-14.340800E-03,-4.020100594E+00
-14.332400E-03,-4.020100594E+00
-14.324000E-03,-4.020100594E+00
-14.315600E-03,-4.020100594E+00
-14.307200E-03,-4.020100594E+00
-14.298800E-03,-4.020100594E+00
-14.290400E-03,-4.020100594E+00
-14.282000E-03,-4.020100594E+00
-14.273600E-03,-4.020100594E+00
-14.265200E-03,-4.020100594E+00
-14.256800E-03,-4.020100594E+00
-14.248400E-03,-4.020100594E+00
-14.240000E-03,-5.527638316E+00
-14.231600E-03,-4.020100594E+00
-14.223200E-03,-4.020100594E+00
-14.214800E-03,-4.020100594E+00
-14.206400E-03,-4.020100594E+00
-14.198000E-03,-4.020100594E+00
-14.189600E-03,-4.020100594E+00
-14.181200E-03,-4.020100594E+00
-14.172800E-03,-4.020100594E+00
-14.164400E-03,-4.020100594E+00
-14.156000E-03,-4.020100594E+00
-14.147600E-03,-4.020100594E+00
-14.139200E-03,-4.020100594E+00
-14.130800E-03,-4.020100594E+00
-14.122400E-03,-4.020100594E+00
-14.114000E-03,-4.020100594E+00
-14.105600E-03,-6.030150890E+00
-14.097200E-03,-4.020100594E+00
-14.088800E-03,-4.020100594E+00
-14.080400E-03,-4.020100594E+00
-14.072000E-03,-4.020100594E+00
-14.063600E-03,-4.020100594E+00
-14.055200E-03,-4.020100594E+00
-14.046800E-03,-4.020100594E+00
-14.038400E-03,-4.020100594E+00
-14.030000E-03,-4.020100594E+00
-14.021600E-03,-4.020100594E+00
-14.013200E-03,-4.020100594E+00
-14.004800E-03,-4.020100594E+00
-13.996400E-03,-4.020100594E+00
-13.988000E-03,-4.396985024E+00
-13.979600E-03,-5.527638316E+00
-13.971200E-03,-4.396985024E+00
-13.962800E-03,-4.020100594E+00
-13.954400E-03,-4.020100594E+00
-13.946000E-03,-4.020100594E+00
-13.937600E-03,-4.020100594E+00
-13.929200E-03,-4.020100594E+00
-13.920800E-03,-4.020100594E+00
-13.912400E-03,-4.020100594E+00
-13.904000E-03,-4.020100594E+00
-13.895600E-03,-4.020100594E+00
-13.887200E-03,-4.020100594E+00
-13.878800E-03,-4.020100594E+00
-13.870400E-03,-4.020100594E+00
-13.862000E-03,-4.020100594E+00
-13.853600E-03,-4.020100594E+00
-13.845200E-03,-4.020100594E+00
-13.836800E-03,-4.020100594E+00
-13.828400E-03,-4.020100594E+00
-13.820000E-03,-4.020100594E+00
-13.811600E-03,-4.020100594E+00
-13.803200E-03,-4.020100594E+00
-13.794800E-03,-4.020100594E+00
-13.786400E-03,-4.396985024E+00
-13.778000E-03,-4.396985024E+00
-13.769600E-03,-4.020100594E+00
-13.761200E-03,-4.020100594E+00
-13.752800E-03,-4.020100594E+00
-13.744400E-03,-4.020100594E+00
-13.736000E-03,-4.020100594E+00
-13.727600E-03,-4.020100594E+00
-13.719200E-03,-4.020100594E+00
-13.710800E-03,-4.020100594E+00
-13.702400E-03,-4.020100594E+00
-13.694000E-03,-4.020100594E+00
-13.685600E-03,-4.020100594E+00
-13.677200E-03,-4.020100594E+00
-13.668800E-03,-4.020100594E+00
-13.660400E-03,-4.020100594E+00
-13.652000E-03,-4.020100594E+00
-13.643600E-03,-4.020100594E+00
-13.635200E-03,-4.020100594E+00
-13.626800E-03,-4.020100594E+00
-13.618400E-03,-4.396985024E+00
-13.610000E-03,-4.020100594E+00
-13.601600E-03,-4.020100594E+00
-13.593200E-03,-4.020100594E+00
-13.584800E-03,-4.020100594E+00
-13.576400E-03,-4.020100594E+00
-13.568000E-03,-4.020100594E+00
-13.559600E-03,-4.020100594E+00
-13.551200E-03,-4.020100594E+00
-13.542800E-03,-4.020100594E+00
-13.534400E-03,-4.020100594E+00
-13.526000E-03,-4.020100594E+00
-13.517600E-03,-4.020100594E+00
-13.509200E-03,-4.020100594E+00
-13.500800E-03,-4.020100594E+00
-13.492400E-03,-4.020100594E+00
-13.484000E-03,-4.020100594E+00
-13.475600E-03,-4.020100594E+00
-13.467200E-03,-4.396985024E+00
-13.458800E-03,-4.020100594E+00
-13.450400E-03,-4.020100594E+00
-13.442000E-03,-4.020100594E+00
-13.433600E-03,-4.020100594E+00
-13.425200E-03,-4.020100594E+00
-13.416800E-03,-4.020100594E+00
-13.408400E-03,-4.020100594E+00
-13.400000E-03,-4.020100594E+00
-13.391600E-03,-4.020100594E+00
-13.383200E-03,-4.020100594E+00
-13.374800E-03,-4.020100594E+00
-13.366400E-03,-4.396985024E+00
-13.358000E-03,-4.020100594E+00
-13.349600E-03,-4.020100594E+00
-13.341200E-03,-4.020100594E+00
-13.332800E-03,-4.020100594E+00
-13.324400E-03,-4.020100594E+00
-13.316000E-03,-4.020100594E+00
-13.307600E-03,-4.020100594E+00
-13.299200E-03,-4.020100594E+00
-13.290800E-03,-4.020100594E+00
-13.282400E-03,-4.020100594E+00
-13.274000E-03,-4.020100594E+00
-13.265600E-03,-4.020100594E+00
-13.257200E-03,-4.020100594E+00
-13.248800E-03,-4.020100594E+00
-13.240400E-03,-4.020100594E+00
-13.232000E-03,-4.020100594E+00
-13.223600E-03,-4.020100594E+00
-13.215200E-03,-4.020100594E+00
-13.206800E-03,-4.020100594E+00
-13.198400E-03,-4.020100594E+00
-13.190000E-03,-4.020100594E+00
-13.181600E-03,-4.020100594E+00
-13.173200E-03,-4.020100594E+00
-13.164800E-03,-4.020100594E+00
-13.156400E-03,-4.020100594E+00
-13.148000E-03,-4.020100594E+00
-13.139600E-03,-4.020100594E+00
-13.131200E-03,-4.020100594E+00
-13.122800E-03,-4.020100594E+00
-13.114400E-03,-4.020100594E+00
-13.106000E-03,-4.020100594E+00
-13.097600E-03,-4.020100594E+00
-13.089200E-03,-4.020100594E+00
-13.080800E-03,-4.020100594E+00
-13.072400E-03,-4.020100594E+00
-13.064000E-03,-4.020100594E+00
-13.055600E-03,-4.020100594E+00
-13.047200E-03,-4.020100594E+00
-13.038800E-03,-4.020100594E+00
-13.030400E-03,-4.020100594E+00
-13.022000E-03,-4.020100594E+00
-13.013600E-03,-4.020100594E+00
-13.005200E-03,-4.020100594E+00
-12.996800E-03,-4.020100594E+00
-12.988400E-03,-4.020100594E+00
-12.980000E-03,-4.020100594E+00
-12.971600E-03,-4.020100594E+00
-12.963200E-03,-4.020100594E+00
-12.954800E-03,-4.020100594E+00
-12.946400E-03,-4.020100594E+00
-12.938000E-03,-3.517588019E+00
-12.929600E-03,-4.020100594E+00
-12.921200E-03,-4.020100594E+00
-12.912800E-03,-4.020100594E+00
-12.904400E-03,-4.020100594E+00
-12.896000E-03,-4.020100594E+00
-12.887600E-03,-4.020100594E+00
-12.879200E-03,-4.020100594E+00
-12.870800E-03,-4.020100594E+00
-12.862400E-03,-4.020100594E+00
-12.854000E-03,-4.020100594E+00
-12.845600E-03,-4.020100594E+00
-12.837200E-03,-4.020100594E+00
-12.828800E-03,-4.020100594E+00
-12.820400E-03,-4.020100594E+00
-12.812000E-03,-4.020100594E+00
-12.803600E-03,-4.020100594E+00
-12.795200E-03,-4.020100594E+00
-12.786800E-03,-4.020100594E+00
-12.778400E-03,-4.020100594E+00
-12.770000E-03,-4.020100594E+00
-12.761600E-03,-4.020100594E+00
-12.753200E-03,-4.020100594E+00
-12.744800E-03,-4.020100594E+00
-12.736400E-03,-4.020100594E+00
-12.728000E-03,-4.020100594E+00
-12.719600E-03,-4.020100594E+00
-12.711200E-03,-4.020100594E+00
-12.702800E-03,-4.020100594E+00
-12.694400E-03,-4.020100594E+00
-12.686000E-03,-5.527638316E+00
-12.677600E-03,-4.020100594E+00
-12.669200E-03,-4.020100594E+00
-12.660800E-03,-4.020100594E+00
-12.652400E-03,-4.020100594E+00
-12.644000E-03,-4.020100594E+00
-12.635600E-03,-4.020100594E+00
-12.627200E-03,-4.020100594E+00
-12.618800E-03,-4.020100594E+00
-12.610400E-03,-4.020100594E+00
-12.602000E-03,-4.020100594E+00
-12.593600E-03,-4.020100594E+00
-12.585200E-03,-4.020100594E+00
-12.576800E-03,-4.020100594E+00
-12.568400E-03,-4.020100594E+00
-12.560000E-03,-4.020100594E+00
-12.551600E-03,-4.020100594E+00
-12.543200E-03,-4.020100594E+00
-12.534800E-03,-4.020100594E+00
-12.526400E-03,-5.527638316E+00
-12.518000E-03,-4.020100594E+00
-12.509600E-03,-4.020100594E+00
-12.501200E-03,-5.527638316E+00
-12.492800E-03,-4.020100594E+00
-12.484400E-03,-4.020100594E+00
-12.476000E-03,-4.020100594E+00
-12.467600E-03,-4.020100594E+00
-12.459200E-03,-4.020100594E+00
-12.450800E-03,-4.020100594E+00
-12.442400E-03,-4.020100594E+00
-12.434000E-03,-4.020100594E+00
-12.425600E-03,-4.020100594E+00
-12.417200E-03,-4.020100594E+00
-12.408800E-03,-4.020100594E+00
-12.400400E-03,-4.020100594E+00
-12.392000E-03,-4.020100594E+00
-12.383600E-03,-4.020100594E+00
-12.375200E-03,-4.020100594E+00
-12.366800E-03,-4.020100594E+00
-12.358400E-03,-4.020100594E+00
-12.350000E-03,-4.020100594E+00
-12.341600E-03,-4.020100594E+00
-12.333200E-03,-4.020100594E+00
-12.324800E-03,-4.020100594E+00
-12.316400E-03,-4.020100594E+00
-12.308000E-03,-4.020100594E+00
-12.299600E-03,-4.020100594E+00
-12.291200E-03,-4.020100594E+00
-12.282800E-03,-4.020100594E+00
-12.274400E-03,-4.020100594E+00
-12.266000E-03,-4.020100594E+00
-12.257600E-03,-4.020100594E+00
-12.249200E-03,-4.020100594E+00
-12.240800E-03,-4.020100594E+00
-12.232400E-03,-4.020100594E+00
-12.224000E-03,-4.020100594E+00
-12.215600E-03,-3.517588019E+00
-12.207200E-03,-4.020100594E+00
-12.198800E-03,-4.020100594E+00
-12.190400E-03,-4.020100594E+00
-12.182000E-03,-4.020100594E+00
-12.173600E-03,-4.020100594E+00
-12.165200E-03,-4.020100594E+00
-12.156800E-03,-4.020100594E+00
-12.148400E-03,-4.020100594E+00
-12.140000E-03,-4.020100594E+00
-12.131600E-03,-4.020100594E+00
-12.123200E-03,-4.020100594E+00
-12.114800E-03,-4.020100594E+00
-12.106400E-03,-4.020100594E+00
-12.098000E-03,-4.020100594E+00
-12.089600E-03,-4.020100594E+00
-12.081200E-03,-4.020100594E+00
-12.072800E-03,-4.020100594E+00
-12.064400E-03,-4.020100594E+00
-12.056000E-03,-4.020100594E+00
-12.047600E-03,-4.020100594E+00
-12.039200E-03,-2.386934727E+00
-12.030800E-03,-4.020100594E+00
-12.022400E-03,-4.020100594E+00
-12.014000E-03,-4.020100594E+00
-12.005600E-03,-4.020100594E+00
-11.997200E-03,-4.020100594E+00
-11.988800E-03,-4.020100594E+00
-11.980400E-03,-2.386934727E+00
-11.972000E-03,-4.020100594E+00
-11.963600E-03,-4.020100594E+00
-11.955200E-03,-4.020100594E+00
-11.946800E-03,-4.020100594E+00
-11.938400E-03,-4.020100594E+00
-11.930000E-03,-4.020100594E+00
-11.921600E-03,-4.020100594E+00
-11.913200E-03,-4.020100594E+00
-11.904800E-03,-4.020100594E+00
-11.896400E-03,-4.020100594E+00
-11.888000E-03,-4.020100594E+00
-11.879600E-03,-4.020100594E+00
-11.871200E-03,-4.020100594E+00
-11.862800E-03,-2.386934727E+00
-11.854400E-03,-4.020100594E+00
-11.846000E-03,-4.020100594E+00
-11.837600E-03,-4.020100594E+00
-11.829200E-03,-4.020100594E+00
-11.820800E-03,-4.020100594E+00
-11.812400E-03,-4.020100594E+00
-11.804000E-03,-4.020100594E+00
-11.795600E-03,-4.020100594E+00
-11.787200E-03,-4.020100594E+00
-11.778800E-03,-4.020100594E+00
-11.770400E-03,-4.020100594E+00
-11.762000E-03,-4.020100594E+00
-11.753600E-03,-4.020100594E+00
-11.745200E-03,-4.020100594E+00
-11.736800E-03,-4.020100594E+00
-11.728400E-03,-4.020100594E+00
-11.720000E-03,-4.020100594E+00
-11.711600E-03,-4.020100594E+00
-11.703200E-03,-4.020100594E+00
-11.694800E-03,-4.020100594E+00
-11.686400E-03,-4.020100594E+00
-11.678000E-03,-4.020100594E+00
-11.669600E-03,-4.020100594E+00
-11.661200E-03,-4.020100594E+00
-11.652800E-03,-4.020100594E+00
-11.644400E-03,-4.020100594E+00
-11.636000E-03,-4.020100594E+00
-11.627600E-03,-4.020100594E+00
-11.619200E-03,-4.020100594E+00
-11.610800E-03,-4.020100594E+00
-11.602400E-03,-4.020100594E+00
-11.594000E-03,-4.020100594E+00
-11.585600E-03,-4.020100594E+00
-11.577200E-03,-4.020100594E+00
-11.568800E-03,-2.386934727E+00
-11.560400E-03,-4.020100594E+00
-11.552000E-03,-4.020100594E+00
-11.543600E-03,-4.020100594E+00
-11.535200E-03,-4.020100594E+00
-11.526800E-03,-4.020100594E+00
-11.518400E-03,-3.517588019E+00
-11.510000E-03,-4.020100594E+00
-11.501600E-03,-2.386934727E+00
-11.493200E-03,-4.020100594E+00
-11.484800E-03,-4.020100594E+00
-11.476400E-03,-3.517588019E+00
-11.468000E-03,-4.020100594E+00
-11.459600E-03,-4.020100594E+00
-11.451200E-03,-4.020100594E+00
-11.442800E-03,-4.020100594E+00
-11.434400E-03,-4.020100594E+00
-11.426000E-03,-4.020100594E+00
-11.417600E-03,-4.020100594E+00
-11.409200E-03,-2.386934727E+00
-11.400800E-03,-4.020100594E+00
-11.392400E-03,-4.020100594E+00
-11.384000E-03,-4.020100594E+00
-11.375600E-03,-4.020100594E+00
-11.367200E-03,-4.020100594E+00
-11.358800E-03,-4.020100594E+00
-11.350400E-03,-4.020100594E+00
-11.342000E-03,-4.020100594E+00
-11.333600E-03,-4.020100594E+00
-11.325200E-03,-4.020100594E+00
-11.316800E-03,-4.020100594E+00
-11.308400E-03,-3.517588019E+00
-11.300000E-03,-4.020100594E+00
-11.291600E-03,-4.020100594E+00
-11.283200E-03,-3.517588019E+00
-11.274800E-03,-2.386934727E+00
-11.266400E-03,-2.386934727E+00
-11.258000E-03,-4.020100594E+00
-11.249600E-03,-4.020100594E+00
-11.241200E-03,-2.386934727E+00
-11.232800E-03,-4.020100594E+00
-11.224400E-03,-2.386934727E+00
-11.216000E-03,-4.020100594E+00
-11.207600E-03,-4.020100594E+00
-11.199200E-03,-3.517588019E+00
-11.190800E-03,-4.020100594E+00
-11.182400E-03,-2.386934727E+00
-11.174000E-03,-3.517588019E+00
-11.165600E-03,-4.020100594E+00
-11.157200E-03,-3.517588019E+00
-11.148800E-03,-3.517588019E+00
-11.140400E-03,-4.020100594E+00
-11.132000E-03,-2.386934727E+00
-11.123600E-03,-3.517588019E+00
-11.115200E-03,-4.020100594E+00
-11.106800E-03,-4.020100594E+00
-11.098400E-03,-3.517588019E+00
-11.090000E-03,-4.020100594E+00
-11.081600E-03,-4.020100594E+00
-11.073200E-03,-2.386934727E+00
-11.064800E-03,-2.386934727E+00
-11.056400E-03,-2.010050297E+00
-11.048000E-03,-4.020100594E+00
-11.039600E-03,-4.020100594E+00
-11.031200E-03,-4.020100594E+00
-11.022800E-03,-4.020100594E+00
-11.014400E-03,-4.020100594E+00
-11.006000E-03,-4.020100594E+00
-10.997600E-03,-4.020100594E+00
-10.989200E-03,-3.517588019E+00
-10.980800E-03,-3.517588019E+00
-10.972400E-03,-4.020100594E+00
-10.964000E-03,-4.020100594E+00
-10.955600E-03,-4.020100594E+00
-10.947200E-03,-3.517588019E+00
-10.938800E-03,-3.517588019E+00
-10.930400E-03,-3.517588019E+00
-10.922000E-03,-4.020100594E+00
-10.913600E-03,-4.020100594E+00
-10.905200E-03,-4.020100594E+00
-10.896800E-03,-4.020100594E+00
-10.888400E-03,-4.020100594E+00
-10.880000E-03,-4.020100594E+00
-10.871600E-03,-4.020100594E+00
-10.863200E-03,-4.020100594E+00
-10.854800E-03,-4.020100594E+00
-10.846400E-03,-2.010050297E+00
-10.838000E-03,-4.020100594E+00
-10.829600E-03,-2.010050297E+00
-10.821200E-03,-2.386934727E+00
-10.812800E-03,-4.020100594E+00
-10.804400E-03,-2.386934727E+00
-10.796000E-03,-2.386934727E+00
-10.787600E-03,-3.517588019E+00
-10.779200E-03,-3.517588019E+00
-10.770800E-03,-4.020100594E+00
-10.762400E-03,-4.020100594E+00
-10.754000E-03,-2.386934727E+00
-10.745600E-03,-2.386934727E+00
-10.737200E-03,-4.020100594E+00
-10.728800E-03,-4.020100594E+00
-10.720400E-03,-4.020100594E+00
-10.712000E-03,-3.517588019E+00
-10.703600E-03,-3.517588019E+00
-10.695200E-03,-3.517588019E+00
-10.686800E-03,-4.020100594E+00
-10.678400E-03,-2.010050297E+00
-10.670000E-03,-3.517588019E+00
-10.661600E-03,-2.386934727E+00
-10.653200E-03,-2.010050297E+00
-10.644800E-03,-2.386934727E+00
-10.636400E-03,-4.020100594E+00
-10.628000E-03,-3.517588019E+00
-10.619600E-03,-2.010050297E+00
-10.611200E-03,-2.386934727E+00
-10.602800E-03,-4.020100594E+00
-10.594400E-03,-4.020100594E+00
-10.586000E-03,-4.020100594E+00
-10.577600E-03,-4.020100594E+00
-10.569200E-03,-2.386934727E+00
-10.560800E-03,-2.010050297E+00
-10.552400E-03,-3.517588019E+00
-10.544000E-03,-4.020100594E+00
-10.535600E-03,-3.517588019E+00
-10.527200E-03,-3.517588019E+00
-10.518800E-03,-3.517588019E+00
-10.510400E-03,-3.517588019E+00
-10.502000E-03,-4.020100594E+00
-10.493600E-03,-4.020100594E+00
-10.485200E-03,-2.010050297E+00
-10.476800E-03,-2.386934727E+00
-10.468400E-03,-4.020100594E+00
-10.460000E-03,-2.010050297E+00
-10.451600E-03,-4.020100594E+00
-10.443200E-03,-3.517588019E+00
-10.434800E-03,-2.010050297E+00
-10.426400E-03,-3.517588019E+00
-10.418000E-03,-2.386934727E+00
-10.409600E-03,-3.517588019E+00
-10.401200E-03,-2.386934727E+00
-10.392800E-03,-2.386934727E+00
-10.384400E-03,-2.010050297E+00
-10.376000E-03,-2.386934727E+00
-10.367600E-03,-2.386934727E+00
-10.359200E-03,-3.517588019E+00
-10.350800E-03,-3.517588019E+00
-10.342400E-03,-3.517588019E+00
-10.334000E-03,-3.517588019E+00
-10.325600E-03,-3.517588019E+00
-10.317200E-03,-4.020100594E+00
-10.308800E-03,-4.020100594E+00
-10.300400E-03,-2.386934727E+00
-10.292000E-03,-4.020100594E+00
-10.283600E-03,-3.517588019E+00
-10.275200E-03,-3.517588019E+00
-10.266800E-03,-2.010050297E+00
-10.258400E-03,-2.010050297E+00
-10.250000E-03,-2.386934727E+00
-10.241600E-03,-2.386934727E+00
-10.233200E-03,-2.386934727E+00
-10.224800E-03,-2.386934727E+00
-10.216400E-03,-3.517588019E+00
-10.208000E-03,-4.020100594E+00
-10.199600E-03,-4.020100594E+00
-10.191200E-03,-3.517588019E+00
-10.182800E-03,-2.386934727E+00
-10.174400E-03,-2.010050297E+00
-10.166000E-03,-4.020100594E+00
-10.157600E-03,-2.010050297E+00
-10.149200E-03,-4.020100594E+00
-10.140800E-03,-3.517588019E+00
-10.132400E-03,-3.517588019E+00
-10.124000E-03,-2.386934727E+00
-10.115600E-03,-4.020100594E+00
-10.107200E-03,-2.386934727E+00
-10.098800E-03,-2.386934727E+00
-10.090400E-03,-2.010050297E+00
-10.082000E-03,-2.010050297E+00
-10.073600E-03,-3.517588019E+00
-10.065200E-03,-4.020100594E+00
-10.056800E-03,-2.010050297E+00
-10.048400E-03,-4.020100594E+00
-10.040000E-03,-2.010050297E+00
-10.031600E-03,-4.020100594E+00
-10.023200E-03,-2.010050297E+00
-10.014800E-03,-2.386934727E+00
-10.006400E-03,-4.020100594E+00
-9.998000E-03,-4.020100594E+00
-9.989600E-03,-2.386934727E+00
-9.981200E-03,-2.010050297E+00
-9.972800E-03,-2.010050297E+00
-9.964400E-03,-2.010050297E+00
-9.956000E-03,-4.020100594E+00
-9.947600E-03,-2.010050297E+00
-9.939200E-03,-2.386934727E+00
-9.930800E-03,-2.010050297E+00
-9.922400E-03,-3.517588019E+00
-9.914000E-03,-4.020100594E+00
-9.905600E-03,-2.386934727E+00
-9.897200E-03,-4.020100594E+00
-9.888800E-03,-4.020100594E+00
-9.880400E-03,-4.020100594E+00
-9.872000E-03,-2.010050297E+00
-9.863600E-03,-2.386934727E+00
-9.855200E-03,-2.386934727E+00
-9.846800E-03,-2.010050297E+00
-9.838400E-03,-2.010050297E+00
-9.830000E-03,-2.386934727E+00
-9.821600E-03,-2.386934727E+00
-9.813200E-03,-3.517588019E+00
-9.804800E-03,-2.010050297E+00
-9.796400E-03,-2.010050297E+00
-9.788000E-03,-2.010050297E+00
-9.779600E-03,-2.010050297E+00
-9.771200E-03,-2.010050297E+00
-9.762800E-03,-2.386934727E+00
-9.754400E-03,-2.010050297E+00
-9.746000E-03,-2.010050297E+00
-9.737600E-03,-4.020100594E+00
-9.729200E-03,-2.010050297E+00
-9.720800E-03,-2.010050297E+00
-9.712400E-03,-3.517588019E+00
-9.704000E-03,-2.010050297E+00
-9.695600E-03,-2.386934727E+00
-9.687200E-03,-3.517588019E+00
-9.678800E-03,-2.386934727E+00
-9.670400E-03,-2.386934727E+00
-9.662000E-03,-2.386934727E+00
-9.653600E-03,-2.010050297E+00
-9.645200E-03,-3.517588019E+00
-9.636800E-03,-2.010050297E+00
-9.628400E-03,-2.010050297E+00
-9.620000E-03,-2.386934727E+00
-9.611600E-03,-2.010050297E+00
-9.603200E-03,-2.386934727E+00
-9.594800E-03,-2.010050297E+00
-9.586400E-03,-2.010050297E+00
-9.578000E-03,-2.010050297E+00
-9.569600E-03,-2.010050297E+00
-9.561200E-03,-2.010050297E+00
-9.552800E-03,-2.010050297E+00
-9.544400E-03,-2.010050297E+00
-9.536000E-03,-2.010050297E+00
-9.527600E-03,-2.010050297E+00
-9.519200E-03,-2.010050297E+00
-9.510800E-03,-2.010050297E+00
-9.502400E-03,-2.010050297E+00
-9.494000E-03,-2.010050297E+00
-9.485600E-03,-2.010050297E+00
-9.477200E-03,-2.010050297E+00
-9.468800E-03,-2.010050297E+00
-9.460400E-03,-2.010050297E+00
-9.452000E-03,-2.010050297E+00
-9.443600E-03,-2.010050297E+00
-9.435200E-03,-2.010050297E+00
-9.426800E-03,-2.010050297E+00
-9.418400E-03,-2.010050297E+00
-9.410000E-03,-2.010050297E+00
-9.401600E-03,-2.010050297E+00
-9.393200E-03,-2.010050297E+00
-9.384800E-03,-2.010050297E+00
-9.376400E-03,-2.010050297E+00
-9.368000E-03,-2.010050297E+00
-9.359600E-03,-2.010050297E+00
-9.351200E-03,-2.010050297E+00
-9.342800E-03,-2.010050297E+00
-9.334400E-03,-2.010050297E+00
-9.326000E-03,-2.010050297E+00
-9.317600E-03,-2.010050297E+00
-9.309200E-03,-2.010050297E+00
-9.300800E-03,-2.010050297E+00
-9.292400E-03,-2.010050297E+00
-9.284000E-03,-2.010050297E+00
-9.275600E-03,-2.010050297E+00
-9.267200E-03,-2.010050297E+00
-9.258800E-03,-2.010050297E+00
-9.250400E-03,-2.010050297E+00
-9.242000E-03,-2.010050297E+00
-9.233600E-03,-2.010050297E+00
-9.225200E-03,-2.010050297E+00
-9.216800E-03,-2.010050297E+00
-9.208400E-03,-2.010050297E+00
-9.200000E-03,-2.010050297E+00
-9.191600E-03,-2.010050297E+00
-9.183200E-03,-2.010050297E+00
-9.174800E-03,-2.010050297E+00
-9.166400E-03,-2.010050297E+00
-9.158000E-03,-2.010050297E+00
-9.149600E-03,-2.010050297E+00
-9.141200E-03,-2.010050297E+00
-9.132800E-03,-2.010050297E+00
-9.124400E-03,-2.010050297E+00
-9.116000E-03,-2.010050297E+00
-9.107600E-03,-2.010050297E+00
-9.099200E-03,-2.010050297E+00
-9.090800E-03,-2.010050297E+00
-9.082400E-03,-2.010050297E+00
-9.074000E-03,-2.010050297E+00
-9.065600E-03,-2.010050297E+00
-9.057200E-03,-2.010050297E+00
-9.048800E-03,-2.010050297E+00
-9.040400E-03,-2.010050297E+00
-9.032000E-03,-2.010050297E+00
-9.023600E-03,-3.517588019E+00
-9.015200E-03,-2.010050297E+00
-9.006800E-03,-2.386934727E+00
-8.998400E-03,-2.010050297E+00
-8.990000E-03,-2.010050297E+00
-8.981600E-03,-2.010050297E+00
-8.973200E-03,-2.010050297E+00
-8.964800E-03,-2.010050297E+00
-8.956400E-03,-2.010050297E+00
-8.948000E-03,-2.010050297E+00
-8.939600E-03,-2.010050297E+00
-8.931200E-03,-2.010050297E+00
-8.922800E-03,-2.010050297E+00
-8.914400E-03,-2.010050297E+00
-8.906000E-03,-2.010050297E+00
-8.897600E-03,-2.010050297E+00
-8.889200E-03,-2.010050297E+00
-8.880800E-03,-3.517588019E+00
-8.872400E-03,-2.010050297E+00
-8.864000E-03,-2.010050297E+00
-8.855600E-03,-2.010050297E+00
-8.847200E-03,-2.010050297E+00
-8.838800E-03,-2.010050297E+00
-8.830400E-03,-2.010050297E+00
-8.822000E-03,-2.010050297E+00
-8.813600E-03,-2.010050297E+00
-8.805200E-03,-2.010050297E+00
-8.796800E-03,-2.010050297E+00
-8.788400E-03,-2.010050297E+00
-8.780000E-03,-2.010050297E+00
-8.771600E-03,-2.010050297E+00
-8.763200E-03,-2.010050297E+00
-8.754800E-03,-2.386934727E+00
-8.746400E-03,-2.010050297E+00
-8.738000E-03,-2.010050297E+00
-8.729600E-03,-2.010050297E+00
-8.721200E-03,-2.010050297E+00
-8.712800E-03,-2.010050297E+00
-8.704400E-03,-2.010050297E+00
-8.696000E-03,-2.010050297E+00
-8.687600E-03,-2.010050297E+00
-8.679200E-03,-2.010050297E+00
-8.670800E-03,-2.010050297E+00
-8.662400E-03,-2.010050297E+00
-8.654000E-03,-2.010050297E+00
-8.645600E-03,-2.010050297E+00
-8.637200E-03,-2.010050297E+00
-8.628800E-03,-3.517588019E+00
-8.620400E-03,-2.010050297E+00
-8.612000E-03,-2.010050297E+00
-8.603600E-03,-2.010050297E+00
-8.595200E-03,-2.010050297E+00
-8.586800E-03,-2.010050297E+00
-8.578400E-03,-2.010050297E+00
-8.570000E-03,-2.010050297E+00
-8.561600E-03,-2.010050297E+00
-8.553200E-03,-2.010050297E+00
-8.544800E-03,-2.010050297E+00
-8.536400E-03,-2.010050297E+00
-8.528000E-03,-2.010050297E+00
-8.519600E-03,-2.010050297E+00
-8.511200E-03,-2.010050297E+00
-8.502800E-03,-2.010050297E+00
-8.494400E-03,-2.010050297E+00
-8.486000E-03,-2.010050297E+00
-8.477600E-03,-2.010050297E+00
-8.469200E-03,-2.010050297E+00
-8.460800E-03,-2.010050297E+00
-8.452400E-03,-2.010050297E+00
-8.444000E-03,-2.010050297E+00
-8.435600E-03,-2.010050297E+00
-8.427200E-03,-2.010050297E+00
-8.418800E-03,-2.010050297E+00
-8.410400E-03,-2.010050297E+00
-8.402000E-03,-2.010050297E+00
-8.393600E-03,-2.010050297E+00
-8.385200E-03,-2.010050297E+00
-8.376800E-03,-2.010050297E+00
-8.368400E-03,-2.010050297E+00
-8.360000E-03,-2.010050297E+00
-8.351600E-03,-2.010050297E+00
-8.343200E-03,-2.010050297E+00
-8.334800E-03,-2.010050297E+00
-8.326400E-03,-2.010050297E+00
-8.318000E-03,-51.256282568E+00
-8.309600E-03,-91.959801078E+00
-8.301200E-03,-100.502514839E+00
-8.292800E-03,-102.512565136E+00
-8.284400E-03,-102.512565136E+00
-8.276000E-03,-104.020102859E+00
-8.267600E-03,-102.512565136E+00
-8.259200E-03,-102.512565136E+00
-8.250800E-03,-102.512565136E+00
-8.242400E-03,-102.512565136E+00
-8.234000E-03,-102.512565136E+00
-8.225600E-03,-102.512565136E+00
-8.217200E-03,-102.010052562E+00
-8.208800E-03,-102.010052562E+00
-8.200400E-03,-100.502514839E+00
-8.192000E-03,-100.502514839E+00
-8.183600E-03,-100.502514839E+00
-8.175200E-03,-100.502514839E+00
-8.166800E-03,-100.502514839E+00
-8.158400E-03,-98.492464542E+00
-8.150000E-03,-98.869348973E+00
-8.141600E-03,-98.492464542E+00
-8.133200E-03,-98.492464542E+00
-8.124800E-03,-98.492464542E+00
-8.116400E-03,-98.492464542E+00
-8.108000E-03,-97.989951968E+00
-8.099600E-03,-96.482414246E+00
-8.091200E-03,-96.482414246E+00
-8.082800E-03,-96.482414246E+00
-8.074400E-03,-95.979901671E+00
-8.066000E-03,-95.979901671E+00
-8.057600E-03,-94.472363949E+00
-8.049200E-03,-94.472363949E+00
-8.040800E-03,-94.472363949E+00
-8.032400E-03,-93.969851375E+00
-8.024000E-03,-94.472363949E+00
-8.015600E-03,-94.472363949E+00
-8.007200E-03,-92.462313652E+00
-7.998800E-03,-93.969851375E+00
-7.990400E-03,-92.462313652E+00
-7.982000E-03,-92.462313652E+00
-7.973600E-03,-90.452263355E+00
-7.965200E-03,-90.452263355E+00
-7.956800E-03,-90.452263355E+00
-7.948400E-03,-90.452263355E+00
-7.940000E-03,-90.452263355E+00
-7.931600E-03,-90.452263355E+00
-7.923200E-03,-89.949750781E+00
-7.914800E-03,-89.949750781E+00
-7.906400E-03,-88.442213058E+00
-7.898000E-03,-88.442213058E+00
-7.889600E-03,-88.442213058E+00
-7.881200E-03,-88.442213058E+00
-7.872800E-03,-88.442213058E+00
-7.864400E-03,-86.432162762E+00
-7.856000E-03,-86.432162762E+00
-7.847600E-03,-86.432162762E+00
-7.839200E-03,-86.432162762E+00
-7.830800E-03,-84.798996896E+00
-7.822400E-03,-84.422112465E+00
-7.814000E-03,-84.798996896E+00
-7.805600E-03,-84.422112465E+00
-7.797200E-03,-84.422112465E+00
-7.788800E-03,-84.422112465E+00
-7.780400E-03,-82.788946599E+00
-7.772000E-03,-82.412062168E+00
-7.763600E-03,-82.788946599E+00
-7.755200E-03,-82.412062168E+00
-7.746800E-03,-82.412062168E+00
-7.738400E-03,-82.412062168E+00
-7.730000E-03,-82.412062168E+00
-7.721600E-03,-82.412062168E+00
-7.713200E-03,-80.402011871E+00
-7.704800E-03,-80.402011871E+00
-7.696400E-03,-80.402011871E+00
-7.688000E-03,-80.402011871E+00
-7.679600E-03,-80.402011871E+00
-7.671200E-03,-78.768846005E+00
-7.662800E-03,-79.899499297E+00
-7.654400E-03,-78.391961575E+00
-7.646000E-03,-78.391961575E+00
-7.637600E-03,-78.391961575E+00
-7.629200E-03,-78.391961575E+00
-7.620800E-03,-78.391961575E+00
-7.612400E-03,-76.381911278E+00
-7.604000E-03,-76.381911278E+00
-7.595600E-03,-76.381911278E+00
-7.587200E-03,-76.381911278E+00
-7.578800E-03,-76.381911278E+00
-7.570400E-03,-75.879398704E+00
-7.562000E-03,-74.371860981E+00
-7.553600E-03,-74.371860981E+00
-7.545200E-03,-73.869348407E+00
-7.536800E-03,-72.738695115E+00
-7.528400E-03,-72.361810684E+00
-7.520000E-03,-72.361810684E+00
-7.511600E-03,-72.361810684E+00
-7.503200E-03,-72.361810684E+00
-7.494800E-03,-71.859298110E+00
-7.486400E-03,-70.351760387E+00
-7.478000E-03,-70.351760387E+00
-7.469600E-03,-70.351760387E+00
-7.461200E-03,-70.351760387E+00
-7.452800E-03,-70.351760387E+00
-7.444400E-03,-68.341710091E+00
-7.436000E-03,-68.341710091E+00
-7.427600E-03,-69.849247813E+00
-7.419200E-03,-68.341710091E+00
-7.410800E-03,-68.341710091E+00
-7.402400E-03,-68.341710091E+00
-7.394000E-03,-66.708544225E+00
-7.385600E-03,-66.331659794E+00
-7.377200E-03,-66.331659794E+00
-7.368800E-03,-66.331659794E+00
-7.360400E-03,-66.331659794E+00
-7.352000E-03,-66.331659794E+00
-7.343600E-03,-66.331659794E+00
-7.335200E-03,-65.829147220E+00
-7.326800E-03,-64.321609497E+00
-7.318400E-03,-64.321609497E+00
-7.310000E-03,-64.321609497E+00
-7.301600E-03,-64.321609497E+00
-7.293200E-03,-64.321609497E+00
-7.284800E-03,-63.819096923E+00
-7.276400E-03,-62.688443631E+00
-7.268000E-03,-62.311559200E+00
-7.259600E-03,-62.311559200E+00
-7.251200E-03,-62.311559200E+00
-7.242800E-03,-60.301508904E+00
-7.234400E-03,-61.809046626E+00
-7.226000E-03,-61.809046626E+00
-7.217600E-03,-60.301508904E+00
-7.209200E-03,-60.301508904E+00
-7.200800E-03,-60.301508904E+00
-7.192400E-03,-58.668343037E+00
-7.184000E-03,-59.798996329E+00
-7.175600E-03,-58.291458607E+00
-7.167200E-03,-58.291458607E+00
-7.158800E-03,-56.658292741E+00
-7.150400E-03,-56.281408310E+00
-7.142000E-03,-56.281408310E+00
-7.133600E-03,-56.281408310E+00
-7.125200E-03,-54.648242444E+00
-7.116800E-03,-54.271358013E+00
-7.108400E-03,-54.271358013E+00
-7.100000E-03,-54.271358013E+00
-7.091600E-03,-52.261307716E+00
-7.083200E-03,-52.261307716E+00
-7.074800E-03,-52.261307716E+00
-7.066400E-03,-50.251257420E+00
-7.058000E-03,-50.251257420E+00
-7.049600E-03,-48.618091553E+00
-7.041200E-03,-48.618091553E+00
-7.032800E-03,-48.241207123E+00
-7.024400E-03,-48.241207123E+00
-7.016000E-03,-46.231156826E+00
-7.007600E-03,-46.231156826E+00
-6.999200E-03,-46.231156826E+00
-6.990800E-03,-44.221106529E+00
-6.982400E-03,-44.221106529E+00
-6.974000E-03,-44.221106529E+00
-6.965600E-03,-42.211056232E+00
-6.957200E-03,-42.211056232E+00
-6.948800E-03,-42.211056232E+00
-6.940400E-03,-41.708543658E+00
-6.932000E-03,-40.577890366E+00
-6.923600E-03,-40.201005936E+00
-6.915200E-03,-38.190955639E+00
-6.906800E-03,-38.190955639E+00
-6.898400E-03,-38.190955639E+00
-6.890000E-03,-36.557789773E+00
-6.881600E-03,-36.180905342E+00
-6.873200E-03,-36.180905342E+00
-6.864800E-03,-34.547739476E+00
-6.856400E-03,-36.180905342E+00
-6.848000E-03,-34.170855045E+00
-6.839600E-03,-34.170855045E+00
-6.831200E-03,-34.170855045E+00
-6.822800E-03,-33.668342471E+00
-6.814400E-03,-32.160804749E+00
-6.806000E-03,-32.160804749E+00
-6.797600E-03,-32.160804749E+00
-6.789200E-03,-30.150754452E+00
-6.780800E-03,-30.150754452E+00
-6.772400E-03,-30.150754452E+00
-6.764000E-03,-30.150754452E+00
-6.755600E-03,-28.140704155E+00
-6.747200E-03,-28.140704155E+00
-6.738800E-03,-28.140704155E+00
-6.730400E-03,-28.140704155E+00
-6.722000E-03,-26.130653858E+00
-6.713600E-03,-26.130653858E+00
-6.705200E-03,-26.130653858E+00
-6.696800E-03,-26.130653858E+00
-6.688400E-03,-26.130653858E+00
-6.680000E-03,-25.628141284E+00
-6.671600E-03,-25.628141284E+00
-6.663200E-03,-24.120603561E+00
-6.654800E-03,-24.120603561E+00
-6.646400E-03,-24.120603561E+00
-6.638000E-03,-22.487437695E+00
-6.629600E-03,-22.110553265E+00
-6.621200E-03,-22.110553265E+00
-6.612800E-03,-20.477387398E+00
-6.604400E-03,-20.100502968E+00
-6.596000E-03,-21.608040690E+00
-6.587600E-03,-20.100502968E+00
-6.579200E-03,-20.100502968E+00
-6.570800E-03,-18.467337102E+00
-6.562400E-03,-19.597990394E+00
-6.554000E-03,-18.090452671E+00
-6.545600E-03,-18.090452671E+00
-6.537200E-03,-16.457286805E+00
-6.528800E-03,-18.090452671E+00
-6.520400E-03,-17.587940097E+00
-6.512000E-03,-16.080402374E+00
-6.503600E-03,-16.080402374E+00
-6.495200E-03,-15.577889800E+00
-6.486800E-03,-14.070352077E+00
-6.478400E-03,-14.070352077E+00
-6.470000E-03,-14.070352077E+00
-6.461600E-03,-14.070352077E+00
-6.453200E-03,-12.060301781E+00
-6.444800E-03,-12.060301781E+00
-6.436400E-03,-12.060301781E+00
-6.428000E-03,-12.060301781E+00
-6.419600E-03,-11.557789207E+00
-6.411200E-03,-10.050251484E+00
-6.402800E-03,-10.050251484E+00
-6.394400E-03,-10.050251484E+00
-6.386000E-03,-8.040201187E+00
-6.377600E-03,-8.040201187E+00
-6.369200E-03,-6.407035321E+00
-6.360800E-03,-6.407035321E+00
-6.352400E-03,-6.030150890E+00
-6.344000E-03,-4.020100594E+00
-6.335600E-03,-4.020100594E+00
-6.327200E-03,-4.020100594E+00
-6.318800E-03,-4.020100594E+00
-6.310400E-03,-2.386934727E+00
-6.302000E-03,-2.010050297E+00
-6.293600E-03,-2.010050297E+00
-6.285200E-03,-2.010050297E+00
-6.276800E-03,-1.507537723E+00
-6.268400E-03,-2.010050297E+00
-6.260000E-03,-2.010050297E+00
-6.251600E-03,-1.507537723E+00
-6.243200E-03,+0.0E+00
-6.234800E-03,-376.884431E-03
-6.226400E-03,+0.0E+00
-6.218000E-03,+0.0E+00
-6.209600E-03,+0.0E+00
-6.201200E-03,+0.0E+00
-6.192800E-03,+0.0E+00
-6.184400E-03,+0.0E+00
-6.176000E-03,+0.0E+00
-6.167600E-03,+0.0E+00
-6.159200E-03,+0.0E+00
-6.150800E-03,+0.0E+00
-6.142400E-03,+0.0E+00
-6.134000E-03,+0.0E+00
-6.125600E-03,+0.0E+00
-6.117200E-03,+0.0E+00
-6.108800E-03,+0.0E+00
-6.100400E-03,+0.0E+00
-6.092000E-03,+0.0E+00
-6.083600E-03,+0.0E+00
-6.075200E-03,+0.0E+00
-6.066800E-03,+0.0E+00
-6.058400E-03,+0.0E+00
-6.050000E-03,-2.010050297E+00
-6.041600E-03,+0.0E+00
-6.033200E-03,+0.0E+00
-6.024800E-03,-1.507537723E+00
-6.016400E-03,+0.0E+00
-6.008000E-03,+0.0E+00
-5.999600E-03,+0.0E+00
-5.991200E-03,+0.0E+00
-5.982800E-03,+0.0E+00
-5.974400E-03,+0.0E+00
-5.966000E-03,-1.507537723E+00
-5.957600E-03,-376.884431E-03
-5.949200E-03,+0.0E+00
-5.940800E-03,+0.0E+00
-5.932400E-03,+0.0E+00
-5.924000E-03,-2.010050297E+00
-5.915600E-03,-376.884431E-03
-5.907200E-03,-376.884431E-03
-5.898800E-03,+0.0E+00
-5.890400E-03,+0.0E+00
-5.882000E-03,-376.884431E-03
-5.873600E-03,+0.0E+00
-5.865200E-03,-376.884431E-03
-5.856800E-03,+0.0E+00
-5.848400E-03,+0.0E+00
-5.840000E-03,+0.0E+00
-5.831600E-03,-1.507537723E+00
-5.823200E-03,-376.884431E-03
-5.814800E-03,+0.0E+00
-5.806400E-03,-1.507537723E+00
-5.798000E-03,-2.010050297E+00
-5.789600E-03,-1.507537723E+00
-5.781200E-03,+0.0E+00
-5.772800E-03,-376.884431E-03
-5.764400E-03,+0.0E+00
-5.756000E-03,-1.507537723E+00
-5.747600E-03,+0.0E+00
-5.739200E-03,+0.0E+00
-5.730800E-03,-1.507537723E+00
-5.722400E-03,+0.0E+00
-5.714000E-03,+0.0E+00
-5.705600E-03,-376.884431E-03
-5.697200E-03,-376.884431E-03
-5.688800E-03,+0.0E+00
-5.680400E-03,-376.884431E-03
-5.672000E-03,+0.0E+00
-5.663600E-03,+0.0E+00
-5.655200E-03,+0.0E+00
-5.646800E-03,+0.0E+00
-5.638400E-03,+0.0E+00
-5.630000E-03,+0.0E+00
-5.621600E-03,+0.0E+00
-5.613200E-03,+0.0E+00
-5.604800E-03,+0.0E+00
-5.596400E-03,-1.507537723E+00
-5.588000E-03,+0.0E+00
-5.579600E-03,-1.507537723E+00
-5.571200E-03,+0.0E+00
-5.562800E-03,+0.0E+00
-5.554400E-03,-1.507537723E+00
-5.546000E-03,+0.0E+00
-5.537600E-03,+0.0E+00
-5.529200E-03,+0.0E+00
-5.520800E-03,+0.0E+00
-5.512400E-03,-376.884431E-03
-5.504000E-03,-376.884431E-03
-5.495600E-03,+0.0E+00
-5.487200E-03,+0.0E+00
-5.478800E-03,-376.884431E-03
-5.470400E-03,+0.0E+00
-5.462000E-03,+0.0E+00
-5.453600E-03,+0.0E+00
-5.445200E-03,+0.0E+00
-5.436800E-03,+0.0E+00
-5.428400E-03,+0.0E+00
-5.420000E-03,-1.507537723E+00
-5.411600E-03,-1.507537723E+00
-5.403200E-03,+0.0E+00
-5.394800E-03,+0.0E+00
-5.386400E-03,+0.0E+00
-5.378000E-03,-376.884431E-03
-5.369600E-03,+0.0E+00
-5.361200E-03,+0.0E+00
-5.352800E-03,+0.0E+00
-5.344400E-03,-1.507537723E+00
-5.336000E-03,+0.0E+00
-5.327600E-03,+0.0E+00
-5.319200E-03,-1.507537723E+00
-5.310800E-03,+0.0E+00
-5.302400E-03,+0.0E+00
-5.294000E-03,+0.0E+00
-5.285600E-03,-1.507537723E+00
-5.277200E-03,+0.0E+00
-5.268800E-03,+0.0E+00
-5.260400E-03,+0.0E+00
-5.252000E-03,+0.0E+00
-5.243600E-03,-1.507537723E+00
-5.235200E-03,+0.0E+00
-5.226800E-03,+0.0E+00
-5.218400E-03,+0.0E+00
-5.210000E-03,+0.0E+00
-5.201600E-03,-1.507537723E+00
-5.193200E-03,-376.884431E-03
-5.184800E-03,+0.0E+00
-5.176400E-03,+0.0E+00
-5.168000E-03,+0.0E+00
-5.159600E-03,-2.010050297E+00
-5.151200E-03,+0.0E+00
-5.142800E-03,+0.0E+00
-5.134400E-03,+0.0E+00
-5.126000E-03,-1.507537723E+00
-5.117600E-03,-1.507537723E+00
-5.109200E-03,+0.0E+00
-5.100800E-03,-1.507537723E+00
-5.092400E-03,+0.0E+00
-5.084000E-03,-1.507537723E+00
-5.075600E-03,+0.0E+00
-5.067200E-03,+0.0E+00
-5.058800E-03,-1.507537723E+00
-5.050400E-03,+0.0E+00
-5.042000E-03,-376.884431E-03
-5.033600E-03,+0.0E+00
-5.025200E-03,-1.507537723E+00
-5.016800E-03,+0.0E+00
-5.008400E-03,+0.0E+00
-5.000000E-03,+0.0E+00
-4.991600E-03,+0.0E+00
-4.983200E-03,-376.884431E-03
-4.974800E-03,-1.507537723E+00
-4.966400E-03,-376.884431E-03
-4.958000E-03,-2.010050297E+00
-4.949600E-03,+0.0E+00
-4.941200E-03,+0.0E+00
-4.932800E-03,-1.507537723E+00
-4.924400E-03,-2.010050297E+00
-4.916000E-03,+0.0E+00
-4.907600E-03,-376.884431E-03
-4.899200E-03,-1.507537723E+00
-4.890800E-03,+0.0E+00
-4.882400E-03,-1.507537723E+00
-4.874000E-03,+0.0E+00
-4.865600E-03,+0.0E+00
-4.857200E-03,-376.884431E-03
-4.848800E-03,+0.0E+00
-4.840400E-03,+0.0E+00
-4.832000E-03,-1.507537723E+00
-4.823600E-03,+0.0E+00
-4.815200E-03,+0.0E+00
-4.806800E-03,+0.0E+00
-4.798400E-03,+0.0E+00
-4.790000E-03,-376.884431E-03
-4.781600E-03,+0.0E+00
-4.773200E-03,-2.010050297E+00
-4.764800E-03,-376.884431E-03
-4.756400E-03,+0.0E+00
-4.748000E-03,-376.884431E-03
-4.739600E-03,+0.0E+00
-4.731200E-03,-2.010050297E+00
-4.722800E-03,-2.010050297E+00
-4.714400E-03,-376.884431E-03
-4.706000E-03,-2.010050297E+00
-4.697600E-03,+0.0E+00
-4.689200E-03,-2.010050297E+00
-4.680800E-03,-376.884431E-03
-4.672400E-03,-2.010050297E+00
-4.664000E-03,-376.884431E-03
-4.655600E-03,-2.010050297E+00
-4.647200E-03,-2.010050297E+00
-4.638800E-03,-376.884431E-03
-4.630400E-03,-2.010050297E+00
-4.622000E-03,-1.507537723E+00
-4.613600E-03,-2.010050297E+00
-4.605200E-03,-376.884431E-03
-4.596800E-03,+0.0E+00
-4.588400E-03,-2.010050297E+00
-4.580000E-03,-2.010050297E+00
-4.571600E-03,-2.010050297E+00
-4.563200E-03,-2.010050297E+00
-4.554800E-03,-2.010050297E+00
-4.546400E-03,-2.010050297E+00
-4.538000E-03,-2.010050297E+00
-4.529600E-03,-2.010050297E+00
-4.521200E-03,-2.010050297E+00
-4.512800E-03,-2.010050297E+00
-4.504400E-03,-1.507537723E+00
-4.496000E-03,-2.010050297E+00
-4.487600E-03,-376.884431E-03
-4.479200E-03,-376.884431E-03
-4.470800E-03,-2.010050297E+00
-4.462400E-03,-2.010050297E+00
-4.454000E-03,-2.010050297E+00
-4.445600E-03,-1.507537723E+00
-4.437200E-03,-1.507537723E+00
-4.428800E-03,-376.884431E-03
-4.420400E-03,-2.010050297E+00
-4.412000E-03,+0.0E+00
-4.403600E-03,-376.884431E-03
-4.395200E-03,+0.0E+00
-4.386800E-03,+0.0E+00
-4.378400E-03,+0.0E+00
-4.370000E-03,-376.884431E-03
-4.361600E-03,-1.507537723E+00
-4.353200E-03,+0.0E+00
-4.344800E-03,+0.0E+00
-4.336400E-03,-376.884431E-03
-4.328000E-03,+0.0E+00
-4.319600E-03,+0.0E+00
-4.311200E-03,+0.0E+00
-4.302800E-03,-376.884431E-03
-4.294400E-03,+0.0E+00
-4.286000E-03,+0.0E+00
-4.277600E-03,+0.0E+00
-4.269200E-03,+0.0E+00
-4.260800E-03,+0.0E+00
-4.252400E-03,+0.0E+00
-4.244000E-03,+0.0E+00
-4.235600E-03,-1.507537723E+00
-4.227200E-03,+0.0E+00
-4.218800E-03,-1.507537723E+00
-4.210400E-03,-376.884431E-03
-4.202000E-03,-376.884431E-03
-4.193600E-03,+0.0E+00
-4.185200E-03,-1.507537723E+00
-4.176800E-03,+0.0E+00
-4.168400E-03,+0.0E+00
-4.160000E-03,+0.0E+00
-4.151600E-03,-2.010050297E+00
-4.143200E-03,+0.0E+00
-4.134800E-03,+0.0E+00
-4.126400E-03,+0.0E+00
-4.118000E-03,+0.0E+00
-4.109600E-03,+0.0E+00
-4.101200E-03,-1.507537723E+00
-4.092800E-03,+0.0E+00
-4.084400E-03,-376.884431E-03
-4.076000E-03,-1.507537723E+00
-4.067600E-03,+0.0E+00
-4.059200E-03,-2.010050297E+00
-4.050800E-03,-376.884431E-03
-4.042400E-03,-376.884431E-03
-4.034000E-03,+0.0E+00
-4.025600E-03,-376.884431E-03
-4.017200E-03,-1.507537723E+00
-4.008800E-03,-1.507537723E+00
-4.000400E-03,-1.507537723E+00
-3.992000E-03,+0.0E+00
-3.983600E-03,-2.010050297E+00
-3.975200E-03,-2.010050297E+00
-3.966800E-03,-1.507537723E+00
-3.958400E-03,-2.010050297E+00
-3.950000E-03,-1.507537723E+00
-3.941600E-03,+0.0E+00
-3.933200E-03,-2.010050297E+00
-3.924800E-03,-2.010050297E+00
-3.916400E-03,-2.010050297E+00
-3.908000E-03,-2.010050297E+00
-3.899600E-03,-2.010050297E+00
-3.891200E-03,-2.010050297E+00
-3.882800E-03,-1.507537723E+00
-3.874400E-03,-2.010050297E+00
-3.866000E-03,-2.010050297E+00
-3.857600E-03,-376.884431E-03
-3.849200E-03,-2.010050297E+00
-3.840800E-03,-1.507537723E+00
-3.832400E-03,-2.010050297E+00
-3.824000E-03,-2.010050297E+00
-3.815600E-03,-2.010050297E+00
-3.807200E-03,-2.010050297E+00
-3.798800E-03,-2.010050297E+00
-3.790400E-03,-2.010050297E+00
-3.782000E-03,-376.884431E-03
-3.773600E-03,-2.010050297E+00
-3.765200E-03,-2.010050297E+00
-3.756800E-03,-2.010050297E+00
-3.748400E-03,-376.884431E-03
-3.740000E-03,-376.884431E-03
-3.731600E-03,-2.010050297E+00
-3.723200E-03,-2.010050297E+00
-3.714800E-03,-376.884431E-03
-3.706400E-03,-2.010050297E+00
-3.698000E-03,-2.010050297E+00
-3.689600E-03,-2.010050297E+00
-3.681200E-03,-2.010050297E+00
-3.672800E-03,-2.010050297E+00
-3.664400E-03,-2.010050297E+00
-3.656000E-03,-2.010050297E+00
-3.647600E-03,-1.507537723E+00
-3.639200E-03,-2.010050297E+00
-3.630800E-03,-376.884431E-03
-3.622400E-03,-2.010050297E+00
-3.614000E-03,-2.010050297E+00
-3.605600E-03,-1.507537723E+00
-3.597200E-03,-2.010050297E+00
-3.588800E-03,-2.010050297E+00
-3.580400E-03,-376.884431E-03
-3.572000E-03,-2.010050297E+00
-3.563600E-03,-2.010050297E+00
-3.555200E-03,-2.010050297E+00
-3.546800E-03,-2.010050297E+00
-3.538400E-03,-2.010050297E+00
-3.530000E-03,-2.010050297E+00
-3.521600E-03,-2.010050297E+00
-3.513200E-03,-376.884431E-03
-3.504800E-03,-2.010050297E+00
-3.496400E-03,-376.884431E-03
-3.488000E-03,-2.010050297E+00
-3.479600E-03,-2.010050297E+00
-3.471200E-03,-2.010050297E+00
-3.462800E-03,-1.507537723E+00
-3.454400E-03,-2.010050297E+00
-3.446000E-03,-376.884431E-03
-3.437600E-03,-1.507537723E+00
-3.429200E-03,-376.884431E-03
-3.420800E-03,-2.010050297E+00
-3.412400E-03,-2.010050297E+00
-3.404000E-03,-1.507537723E+00
-3.395600E-03,-2.010050297E+00
-3.387200E-03,-1.507537723E+00
-3.378800E-03,-2.010050297E+00
-3.370400E-03,-376.884431E-03
-3.362000E-03,-2.010050297E+00
-3.353600E-03,-2.010050297E+00
-3.345200E-03,-1.507537723E+00
-3.336800E-03,-2.010050297E+00
-3.328400E-03,-1.507537723E+00
-3.320000E-03,-2.010050297E+00
-3.311600E-03,-1.507537723E+00
-3.303200E-03,-1.507537723E+00
-3.294800E-03,-2.010050297E+00
-3.286400E-03,-2.010050297E+00
-3.278000E-03,-2.010050297E+00
-3.269600E-03,-2.010050297E+00
-3.261200E-03,-376.884431E-03
-3.252800E-03,-2.010050297E+00
-3.244400E-03,-2.010050297E+00
-3.236000E-03,-2.010050297E+00
-3.227600E-03,-2.010050297E+00
-3.219200E-03,-2.010050297E+00
-3.210800E-03,-376.884431E-03
-3.202400E-03,-2.010050297E+00
-3.194000E-03,-2.010050297E+00
-3.185600E-03,-2.010050297E+00
-3.177200E-03,-376.884431E-03
-3.168800E-03,-1.507537723E+00
-3.160400E-03,-1.507537723E+00
-3.152000E-03,-1.507537723E+00
-3.143600E-03,-2.010050297E+00
-3.135200E-03,-2.010050297E+00
-3.126800E-03,-2.010050297E+00
-3.118400E-03,-2.010050297E+00
-3.110000E-03,-2.010050297E+00
-3.101600E-03,-376.884431E-03
-3.093200E-03,-2.010050297E+00
-3.084800E-03,-2.010050297E+00
-3.076400E-03,-1.507537723E+00
-3.068000E-03,-2.010050297E+00
-3.059600E-03,-2.010050297E+00
-3.051200E-03,-2.010050297E+00
-3.042800E-03,-1.507537723E+00
-3.034400E-03,-2.010050297E+00
-3.026000E-03,-2.010050297E+00
-3.017600E-03,-2.010050297E+00
-3.009200E-03,-2.010050297E+00
-3.000800E-03,-2.010050297E+00
-2.992400E-03,-2.010050297E+00
-2.984000E-03,-2.010050297E+00
-2.975600E-03,-2.010050297E+00
-2.967200E-03,-2.010050297E+00
-2.958800E-03,-2.010050297E+00
-2.950400E-03,-2.010050297E+00
-2.942000E-03,-2.010050297E+00
-2.933600E-03,-2.010050297E+00
-2.925200E-03,-2.010050297E+00
-2.916800E-03,-2.010050297E+00
-2.908400E-03,-2.010050297E+00
-2.900000E-03,-2.010050297E+00
-2.891600E-03,-2.010050297E+00
-2.883200E-03,-2.010050297E+00
-2.874800E-03,-2.010050297E+00
-2.866400E-03,-2.010050297E+00
-2.858000E-03,-2.010050297E+00
-2.849600E-03,-2.010050297E+00
-2.841200E-03,-2.010050297E+00
-2.832800E-03,-2.010050297E+00
-2.824400E-03,-2.010050297E+00
-2.816000E-03,-2.010050297E+00
-2.807600E-03,-2.010050297E+00
-2.799200E-03,-2.010050297E+00
-2.790800E-03,-2.010050297E+00
-2.782400E-03,-2.010050297E+00
-2.774000E-03,-2.010050297E+00
-2.765600E-03,-2.010050297E+00
-2.757200E-03,-2.010050297E+00
-2.748800E-03,-2.010050297E+00
-2.740400E-03,-2.010050297E+00
-2.732000E-03,-2.010050297E+00
-2.723600E-03,-2.010050297E+00
-2.715200E-03,-2.010050297E+00
-2.706800E-03,-2.010050297E+00
-2.698400E-03,-2.010050297E+00
-2.690000E-03,-2.010050297E+00
-2.681600E-03,-2.010050297E+00
-2.673200E-03,-1.507537723E+00
-2.664800E-03,-2.010050297E+00
-2.656400E-03,-2.010050297E+00
-2.648000E-03,-2.010050297E+00
-2.639600E-03,-2.010050297E+00
-2.631200E-03,-2.010050297E+00
-2.622800E-03,-2.010050297E+00
-2.614400E-03,-2.010050297E+00
-2.606000E-03,-2.010050297E+00
-2.597600E-03,-2.010050297E+00
-2.589200E-03,-2.010050297E+00
-2.580800E-03,-2.010050297E+00
-2.572400E-03,-2.010050297E+00
-2.564000E-03,-2.010050297E+00
-2.555600E-03,-2.010050297E+00
-2.547200E-03,-2.010050297E+00
-2.538800E-03,-2.010050297E+00
-2.530400E-03,-2.010050297E+00
-2.522000E-03,-2.010050297E+00
-2.513600E-03,-2.010050297E+00
-2.505200E-03,-2.010050297E+00
-2.496800E-03,-2.010050297E+00
-2.488400E-03,-2.010050297E+00
-2.480000E-03,-2.010050297E+00
-2.471600E-03,-2.010050297E+00
-2.463200E-03,-2.010050297E+00
-2.454800E-03,-2.010050297E+00
-2.446400E-03,-2.010050297E+00
-2.438000E-03,-376.884431E-03
-2.429600E-03,-2.010050297E+00
-2.421200E-03,-2.010050297E+00
-2.412800E-03,-2.010050297E+00
-2.404400E-03,-2.010050297E+00
-2.396000E-03,-2.010050297E+00
-2.387600E-03,-2.010050297E+00
-2.379200E-03,-2.010050297E+00
-2.370800E-03,-2.010050297E+00
-2.362400E-03,-2.010050297E+00
-2.354000E-03,-2.010050297E+00
-2.345600E-03,-2.010050297E+00
-2.337200E-03,-2.010050297E+00
-2.328800E-03,-2.010050297E+00
-2.320400E-03,-2.010050297E+00
-2.312000E-03,-2.010050297E+00
-2.303600E-03,-2.010050297E+00
-2.295200E-03,-2.010050297E+00
-2.286800E-03,-2.010050297E+00
-2.278400E-03,-2.010050297E+00
-2.270000E-03,-2.010050297E+00
-2.261600E-03,-2.010050297E+00
-2.253200E-03,-2.010050297E+00
-2.244800E-03,-2.010050297E+00
-2.236400E-03,-2.010050297E+00
-2.228000E-03,-2.010050297E+00
-2.219600E-03,-2.010050297E+00
-2.211200E-03,-2.010050297E+00
-2.202800E-03,-2.010050297E+00
-2.194400E-03,-2.010050297E+00
-2.186000E-03,-2.010050297E+00
-2.177600E-03,-2.010050297E+00
-2.169200E-03,-2.010050297E+00
-2.160800E-03,-2.010050297E+00
-2.152400E-03,-2.010050297E+00
-2.144000E-03,-2.010050297E+00
-2.135600E-03,-2.010050297E+00
-2.127200E-03,-2.010050297E+00
-2.118800E-03,-2.010050297E+00
-2.110400E-03,-2.010050297E+00
-2.102000E-03,-2.010050297E+00
-2.093600E-03,-2.010050297E+00
-2.085200E-03,-2.010050297E+00
-2.076800E-03,-2.010050297E+00
-2.068400E-03,-2.010050297E+00
-2.060000E-03,-2.010050297E+00
-2.051600E-03,-2.010050297E+00
-2.043200E-03,-2.010050297E+00
-2.034800E-03,-2.010050297E+00
-2.026400E-03,-2.010050297E+00
-2.018000E-03,-2.010050297E+00
-2.009600E-03,-2.010050297E+00
-2.001200E-03,-2.010050297E+00
-1.992800E-03,-2.010050297E+00
-1.984400E-03,-2.010050297E+00
-1.976000E-03,-2.010050297E+00
-1.967600E-03,-2.010050297E+00
-1.959200E-03,-2.010050297E+00
-1.950800E-03,-2.010050297E+00
-1.942400E-03,-2.010050297E+00
-1.934000E-03,-2.010050297E+00
-1.925600E-03,-2.010050297E+00
-1.917200E-03,-2.010050297E+00
-1.908800E-03,-2.010050297E+00
-1.900400E-03,-2.010050297E+00
-1.892000E-03,-2.010050297E+00
-1.883600E-03,-2.010050297E+00
-1.875200E-03,-2.010050297E+00
-1.866800E-03,-2.010050297E+00
-1.858400E-03,-2.010050297E+00
-1.850000E-03,-2.010050297E+00
-1.841600E-03,-2.010050297E+00
-1.833200E-03,-2.010050297E+00
-1.824800E-03,-2.010050297E+00
-1.816400E-03,-2.010050297E+00
-1.808000E-03,-2.010050297E+00
-1.799600E-03,-2.010050297E+00
-1.791200E-03,-2.010050297E+00
-1.782800E-03,-2.010050297E+00
-1.774400E-03,-2.010050297E+00
-1.766000E-03,-2.010050297E+00
-1.757600E-03,-2.010050297E+00
-1.749200E-03,-2.010050297E+00
-1.740800E-03,-2.010050297E+00
-1.732400E-03,-2.010050297E+00
-1.724000E-03,-2.010050297E+00
-1.715600E-03,-2.010050297E+00
-1.707200E-03,-2.010050297E+00
-1.698800E-03,-2.010050297E+00
-1.690400E-03,-2.010050297E+00
-1.682000E-03,-2.010050297E+00
-1.673600E-03,-2.010050297E+00
-1.665200E-03,-2.010050297E+00
-1.656800E-03,-2.010050297E+00
-1.648400E-03,-2.010050297E+00
-1.640000E-03,-2.010050297E+00
-1.631600E-03,-2.010050297E+00
-1.623200E-03,-2.010050297E+00
-1.614800E-03,-2.010050297E+00
-1.606400E-03,-2.010050297E+00
-1.598000E-03,-2.010050297E+00
-1.589600E-03,-2.010050297E+00
-1.581200E-03,-2.386934727E+00
-1.572800E-03,-2.010050297E+00
-1.564400E-03,-2.010050297E+00
-1.556000E-03,-2.010050297E+00
-1.547600E-03,-2.010050297E+00
-1.539200E-03,-2.010050297E+00
-1.530800E-03,-2.010050297E+00
-1.522400E-03,-2.010050297E+00
-1.514000E-03,-2.010050297E+00
-1.505600E-03,-2.010050297E+00
-1.497200E-03,-2.010050297E+00
-1.488800E-03,-2.010050297E+00
-1.480400E-03,-2.010050297E+00
-1.472000E-03,-2.010050297E+00
-1.463600E-03,-2.010050297E+00
-1.455200E-03,-2.010050297E+00
-1.446800E-03,-2.010050297E+00
-1.438400E-03,-2.010050297E+00
-1.430000E-03,-2.010050297E+00
-1.421600E-03,-2.010050297E+00
-1.413200E-03,-2.010050297E+00
-1.404800E-03,-3.517588019E+00
-1.396400E-03,-2.010050297E+00
-1.388000E-03,-2.010050297E+00
-1.379600E-03,-2.010050297E+00
-1.371200E-03,-2.010050297E+00
-1.362800E-03,-2.010050297E+00
-1.354400E-03,-2.010050297E+00
-1.346000E-03,-2.010050297E+00
-1.337600E-03,-2.010050297E+00
-1.329200E-03,-2.010050297E+00
-1.320800E-03,-2.010050297E+00
-1.312400E-03,-2.010050297E+00
-1.304000E-03,-2.010050297E+00
-1.295600E-03,-2.010050297E+00
-1.287200E-03,-2.010050297E+00
-1.278800E-03,-2.010050297E+00
-1.270400E-03,-2.010050297E+00
-1.262000E-03,-2.010050297E+00
-1.253600E-03,-2.010050297E+00
-1.245200E-03,-2.010050297E+00
-1.236800E-03,-2.010050297E+00
-1.228400E-03,-2.010050297E+00
-1.220000E-03,-2.010050297E+00
-1.211600E-03,-2.386934727E+00
-1.203200E-03,-3.517588019E+00
-1.194800E-03,-2.010050297E+00
-1.186400E-03,-2.010050297E+00
-1.178000E-03,-4.020100594E+00
-1.169600E-03,-2.010050297E+00
-1.161200E-03,-2.010050297E+00
-1.152800E-03,-2.386934727E+00
-1.144400E-03,-2.386934727E+00
-1.136000E-03,-4.020100594E+00
-1.127600E-03,-2.010050297E+00
-1.119200E-03,-2.386934727E+00
-1.110800E-03,-4.020100594E+00
-1.102400E-03,-4.020100594E+00
-1.094000E-03,-2.010050297E+00
-1.085600E-03,-3.517588019E+00
-1.077200E-03,-2.010050297E+00
-1.068800E-03,-4.020100594E+00
-1.060400E-03,-4.020100594E+00
-1.052000E-03,-2.386934727E+00
-1.043600E-03,-3.517588019E+00
-1.035200E-03,-3.517588019E+00
-1.026800E-03,-4.020100594E+00
-1.018400E-03,-4.020100594E+00
-1.010000E-03,-4.020100594E+00
-1.001600E-03,-4.020100594E+00
-993.200E-06,-4.020100594E+00
-984.800E-06,-4.020100594E+00
-976.400E-06,-3.517588019E+00
-968.000E-06,-2.010050297E+00
-959.600E-06,-4.020100594E+00
-951.200E-06,-4.020100594E+00
-942.800E-06,-3.517588019E+00
-934.400E-06,-4.020100594E+00
-926.000E-06,-4.020100594E+00
-917.600E-06,-4.020100594E+00
-909.200E-06,-4.020100594E+00
-900.800E-06,-2.010050297E+00
-892.400E-06,-2.010050297E+00
-884.000E-06,-3.517588019E+00
-875.600E-06,-4.020100594E+00
-867.200E-06,-3.517588019E+00
-858.800E-06,-3.517588019E+00
-850.400E-06,-4.020100594E+00
-842.000E-06,-3.517588019E+00
-833.600E-06,-4.020100594E+00
-825.200E-06,-2.010050297E+00
-816.800E-06,-2.010050297E+00
-808.400E-06,-3.517588019E+00
-800.000E-06,-4.020100594E+00
-791.600E-06,-2.010050297E+00
-783.200E-06,-2.386934727E+00
-774.800E-06,-2.010050297E+00
-766.400E-06,-2.386934727E+00
-758.000E-06,-2.010050297E+00
-749.600E-06,-2.386934727E+00
-741.200E-06,-2.010050297E+00
-732.800E-06,-2.010050297E+00
-724.400E-06,-2.010050297E+00
-716.000E-06,-2.386934727E+00
-707.600E-06,-3.517588019E+00
-699.200E-06,-2.386934727E+00
-690.800E-06,-2.386934727E+00
-682.400E-06,-4.020100594E+00
-674.000E-06,-2.010050297E+00
-665.600E-06,-4.020100594E+00
-657.200E-06,-2.010050297E+00
-648.800E-06,-2.010050297E+00
-640.400E-06,-2.010050297E+00
-632.000E-06,-2.386934727E+00
-623.600E-06,-3.517588019E+00
-615.200E-06,-4.020100594E+00
-606.800E-06,-2.010050297E+00
-598.400E-06,-3.517588019E+00
-590.000E-06,-2.010050297E+00
-581.600E-06,-2.010050297E+00
-573.200E-06,-3.517588019E+00
-564.800E-06,-2.010050297E+00
-556.400E-06,-3.517588019E+00
-548.000E-06,-2.010050297E+00
-539.600E-06,-4.020100594E+00
-531.200E-06,-3.517588019E+00
-522.800E-06,-2.386934727E+00
-514.400E-06,-4.020100594E+00
-506.000E-06,-4.020100594E+00
-497.600E-06,-2.010050297E+00
-489.200E-06,-2.386934727E+00
-480.800E-06,-3.517588019E+00
-472.400E-06,-2.010050297E+00
-464.000E-06,-4.020100594E+00
-455.600E-06,-3.517588019E+00
-447.200E-06,-3.517588019E+00
-438.800E-06,-4.020100594E+00
-430.400E-06,-2.010050297E+00
-422.000E-06,-3.517588019E+00
-413.600E-06,-4.020100594E+00
-405.200E-06,-2.010050297E+00
-396.800E-06,-2.010050297E+00
-388.400E-06,-2.386934727E+00
-380.000E-06,-2.386934727E+00
-371.600E-06,-2.386934727E+00
-363.200E-06,-4.020100594E+00
-354.800E-06,-2.010050297E+00
-346.400E-06,-2.010050297E+00
-338.000E-06,-2.010050297E+00
-329.600E-06,-2.010050297E+00
-321.200E-06,-2.010050297E+00
-312.800E-06,-2.386934727E+00
-304.400E-06,-3.517588019E+00
-296.000E-06,-3.517588019E+00
-287.600E-06,-2.386934727E+00
-279.200E-06,-3.517588019E+00
-270.800E-06,-4.020100594E+00
-262.400E-06,-2.010050297E+00
-254.000E-06,-4.020100594E+00
-245.600E-06,-2.386934727E+00
-237.200E-06,-2.010050297E+00
-228.800E-06,-4.020100594E+00
-220.400E-06,-3.517588019E+00
-212.000E-06,-3.517588019E+00
-203.600E-06,-3.517588019E+00
-195.200E-06,-3.517588019E+00
-186.800E-06,-4.020100594E+00
-178.400E-06,-2.010050297E+00
-170.000E-06,-4.020100594E+00
-161.600E-06,-2.010050297E+00
-153.200E-06,-4.020100594E+00
-144.800E-06,-2.010050297E+00
-136.400E-06,-2.010050297E+00
-128.000E-06,-3.517588019E+00
-119.600E-06,-3.517588019E+00
-111.200E-06,-2.010050297E+00
-102.800E-06,-2.386934727E+00
-94.400E-06,-3.517588019E+00
-86.000E-06,-4.020100594E+00
-77.600E-06,-4.020100594E+00
-69.200E-06,-4.020100594E+00
-60.800E-06,-4.020100594E+00
-52.400E-06,-4.020100594E+00
-44.000E-06,-3.517588019E+00
-35.600E-06,-4.020100594E+00
-27.200E-06,-4.020100594E+00
-18.800E-06,-4.020100594E+00
-10.400E-06,-4.020100594E+00
-2.000E-06,+5.025125742E+00
+6.400E-06,+81.909549594E+00
+14.800E-06,+93.969851375E+00
+23.200E-06,+97.989951968E+00
+31.600E-06,+98.492464542E+00
+40.000E-06,+98.492464542E+00
+48.400E-06,+98.492464542E+00
+56.800E-06,+98.492464542E+00
+65.200E-06,+98.492464542E+00
+73.600E-06,+98.492464542E+00
+82.000E-06,+98.492464542E+00
+90.400E-06,+96.859298676E+00
+98.800E-06,+96.859298676E+00
+107.200E-06,+96.482414246E+00
+115.600E-06,+96.482414246E+00
+124.000E-06,+96.482414246E+00
+132.400E-06,+96.482414246E+00
+140.800E-06,+95.979901671E+00
+149.200E-06,+95.979901671E+00
+157.600E-06,+94.472363949E+00
+166.000E-06,+94.472363949E+00
+174.400E-06,+94.472363949E+00
+182.800E-06,+94.472363949E+00
+191.200E-06,+93.969851375E+00
+199.600E-06,+92.462313652E+00
+208.000E-06,+92.462313652E+00
+216.400E-06,+92.462313652E+00
+224.800E-06,+92.462313652E+00
+233.200E-06,+91.959801078E+00
+241.600E-06,+90.452263355E+00
+250.000E-06,+90.452263355E+00
+258.400E-06,+90.452263355E+00
+266.800E-06,+90.452263355E+00
+275.200E-06,+90.452263355E+00
+283.600E-06,+89.949750781E+00
+292.000E-06,+88.819097489E+00
+300.400E-06,+88.442213058E+00
+308.800E-06,+88.442213058E+00
+317.200E-06,+88.442213058E+00
+325.600E-06,+88.442213058E+00
+334.000E-06,+86.809047192E+00
+342.400E-06,+86.809047192E+00
+350.800E-06,+86.432162762E+00
+359.200E-06,+86.432162762E+00
+367.600E-06,+86.432162762E+00
+376.000E-06,+86.432162762E+00
+384.400E-06,+84.422112465E+00
+392.800E-06,+85.929650187E+00
+401.200E-06,+84.422112465E+00
+409.600E-06,+84.422112465E+00
+418.000E-06,+84.422112465E+00
+426.400E-06,+84.422112465E+00
+434.800E-06,+83.919599891E+00
+443.200E-06,+82.788946599E+00
+451.600E-06,+82.412062168E+00
+460.000E-06,+82.412062168E+00
+468.400E-06,+82.412062168E+00
+476.800E-06,+82.412062168E+00
+485.200E-06,+80.778896302E+00
+493.600E-06,+81.909549594E+00
+502.000E-06,+81.909549594E+00
+510.400E-06,+80.402011871E+00
+518.800E-06,+80.402011871E+00
+527.200E-06,+80.402011871E+00
+535.600E-06,+78.391961575E+00
+544.000E-06,+78.391961575E+00
+552.400E-06,+78.391961575E+00
+560.800E-06,+78.391961575E+00
+569.200E-06,+78.391961575E+00
+577.600E-06,+76.381911278E+00
+586.000E-06,+76.758795708E+00
+594.400E-06,+76.381911278E+00
+602.800E-06,+76.381911278E+00
+611.200E-06,+76.381911278E+00
+619.600E-06,+76.381911278E+00
+628.000E-06,+76.381911278E+00
+636.400E-06,+74.371860981E+00
+644.800E-06,+74.371860981E+00
+653.200E-06,+74.371860981E+00
+661.600E-06,+74.371860981E+00
+670.000E-06,+74.371860981E+00
+678.400E-06,+73.869348407E+00
+686.800E-06,+72.361810684E+00
+695.200E-06,+72.361810684E+00
+703.600E-06,+72.361810684E+00
+712.000E-06,+72.361810684E+00
+720.400E-06,+70.351760387E+00
+728.800E-06,+70.351760387E+00
+737.200E-06,+71.859298110E+00
+745.600E-06,+70.351760387E+00
+754.000E-06,+69.849247813E+00
+762.400E-06,+70.351760387E+00
+770.800E-06,+68.341710091E+00
+779.200E-06,+68.341710091E+00
+787.600E-06,+68.341710091E+00
+796.000E-06,+68.341710091E+00
+804.400E-06,+67.839197516E+00
+812.800E-06,+68.341710091E+00
+821.200E-06,+66.708544225E+00
+829.600E-06,+66.331659794E+00
+838.000E-06,+66.331659794E+00
+846.400E-06,+66.331659794E+00
+854.800E-06,+66.331659794E+00
+863.200E-06,+64.698493928E+00
+871.600E-06,+64.321609497E+00
+880.000E-06,+64.321609497E+00
+888.400E-06,+64.321609497E+00
+896.800E-06,+64.321609497E+00
+905.200E-06,+64.321609497E+00
+913.600E-06,+63.819096923E+00
+922.000E-06,+62.311559200E+00
+930.400E-06,+62.311559200E+00
+938.800E-06,+62.311559200E+00
+947.200E-06,+62.311559200E+00
+955.600E-06,+62.311559200E+00
+964.000E-06,+62.311559200E+00
+972.400E-06,+61.809046626E+00
+980.800E-06,+60.301508904E+00
+989.200E-06,+60.301508904E+00
+997.600E-06,+60.301508904E+00
+1.006000E-03,+60.301508904E+00
+1.014400E-03,+60.301508904E+00
+1.022800E-03,+60.301508904E+00
+1.031200E-03,+59.798996329E+00
+1.039600E-03,+59.798996329E+00
+1.048000E-03,+58.291458607E+00
+1.056400E-03,+58.291458607E+00
+1.064800E-03,+58.291458607E+00
+1.073200E-03,+58.291458607E+00
+1.081600E-03,+56.281408310E+00
+1.090000E-03,+56.281408310E+00
+1.098400E-03,+56.281408310E+00
+1.106800E-03,+56.281408310E+00
+1.115200E-03,+56.281408310E+00
+1.123600E-03,+55.778895736E+00
+1.132000E-03,+54.271358013E+00
+1.140400E-03,+54.271358013E+00
+1.148800E-03,+54.271358013E+00
+1.157200E-03,+54.271358013E+00
+1.165600E-03,+52.261307716E+00
+1.174000E-03,+52.261307716E+00
+1.182400E-03,+51.758795142E+00
+1.190800E-03,+50.251257420E+00
+1.199200E-03,+50.251257420E+00
+1.207600E-03,+50.251257420E+00
+1.216000E-03,+49.748744845E+00
+1.224400E-03,+48.618091553E+00
+1.232800E-03,+48.241207123E+00
+1.241200E-03,+47.738694549E+00
+1.249600E-03,+46.231156826E+00
+1.258000E-03,+46.231156826E+00
+1.266400E-03,+46.231156826E+00
+1.274800E-03,+44.221106529E+00
+1.283200E-03,+44.597990960E+00
+1.291600E-03,+44.221106529E+00
+1.300000E-03,+42.587940663E+00
+1.308400E-03,+42.211056232E+00
+1.316800E-03,+42.211056232E+00
+1.325200E-03,+40.577890366E+00
+1.333600E-03,+40.201005936E+00
+1.342000E-03,+38.567840070E+00
+1.350400E-03,+39.698493361E+00
+1.358800E-03,+38.190955639E+00
+1.367200E-03,+38.190955639E+00
+1.375600E-03,+36.557789773E+00
+1.384000E-03,+36.180905342E+00
+1.392400E-03,+36.180905342E+00
+1.400800E-03,+35.678392768E+00
+1.409200E-03,+34.170855045E+00
+1.417600E-03,+34.170855045E+00
+1.426000E-03,+32.537689179E+00
+1.434400E-03,+33.668342471E+00
+1.442800E-03,+32.160804749E+00
+1.451200E-03,+32.160804749E+00
+1.459600E-03,+30.527638882E+00
+1.468000E-03,+30.150754452E+00
+1.476400E-03,+30.150754452E+00
+1.484800E-03,+30.150754452E+00
+1.493200E-03,+29.648241878E+00
+1.501600E-03,+28.140704155E+00
+1.510000E-03,+28.140704155E+00
+1.518400E-03,+28.140704155E+00
+1.526800E-03,+26.130653858E+00
+1.535200E-03,+26.130653858E+00
+1.543600E-03,+26.130653858E+00
+1.552000E-03,+26.130653858E+00
+1.560400E-03,+26.130653858E+00
+1.568800E-03,+24.120603561E+00
+1.577200E-03,+24.120603561E+00
+1.585600E-03,+22.110553265E+00
+1.594000E-03,+24.120603561E+00
+1.602400E-03,+23.618090987E+00
+1.610800E-03,+23.618090987E+00
+1.619200E-03,+22.110553265E+00
+1.627600E-03,+22.110553265E+00
+1.636000E-03,+20.100502968E+00
+1.644400E-03,+20.100502968E+00
+1.652800E-03,+20.100502968E+00
+1.661200E-03,+20.100502968E+00
+1.669600E-03,+20.100502968E+00
+1.678000E-03,+19.597990394E+00
+1.686400E-03,+18.090452671E+00
+1.694800E-03,+18.090452671E+00
+1.703200E-03,+16.457286805E+00
+1.711600E-03,+16.457286805E+00
+1.720000E-03,+16.080402374E+00
+1.728400E-03,+16.080402374E+00
+1.736800E-03,+16.080402374E+00
+1.745200E-03,+16.080402374E+00
+1.753600E-03,+14.070352077E+00
+1.762000E-03,+14.070352077E+00
+1.770400E-03,+14.070352077E+00
+1.778800E-03,+14.070352077E+00
+1.787200E-03,+14.070352077E+00
+1.795600E-03,+12.060301781E+00
+1.804000E-03,+12.060301781E+00
+1.812400E-03,+12.060301781E+00
+1.820800E-03,+10.050251484E+00
+1.829200E-03,+10.050251484E+00
+1.837600E-03,+10.050251484E+00
+1.846000E-03,+10.050251484E+00
+1.854400E-03,+8.417085618E+00
+1.862800E-03,+8.040201187E+00
+1.871200E-03,+8.040201187E+00
+1.879600E-03,+8.040201187E+00
+1.888000E-03,+6.407035321E+00
+1.896400E-03,+6.030150890E+00
+1.904800E-03,+6.030150890E+00
+1.913200E-03,+6.030150890E+00
+1.921600E-03,+4.396985024E+00
+1.930000E-03,+6.030150890E+00
+1.938400E-03,+4.020100594E+00
+1.946800E-03,+3.517588019E+00
+1.955200E-03,+2.010050297E+00
+1.963600E-03,+2.010050297E+00
+1.972000E-03,+376.884431E-03
+1.980400E-03,+1.507537723E+00
+1.988800E-03,+0.0E+00
+1.997200E-03,-2.010050297E+00
+2.005600E-03,-1.507537723E+00
+2.014000E-03,-2.010050297E+00
+2.022400E-03,-2.010050297E+00
+2.030800E-03,-3.517588019E+00
+2.039200E-03,-3.517588019E+00
+2.047600E-03,-4.020100594E+00
+2.056000E-03,-4.020100594E+00
+2.064400E-03,-4.020100594E+00
+2.072800E-03,-4.020100594E+00
+2.081200E-03,-4.020100594E+00
+2.089600E-03,-4.020100594E+00
+2.098000E-03,-4.020100594E+00
+2.106400E-03,-4.020100594E+00
+2.114800E-03,-4.396985024E+00
+2.123200E-03,-5.527638316E+00
+2.131600E-03,-5.527638316E+00
